Country,"Density
(P/Km2)",Abbreviation,Agricultural Land( %),Land Area(Km2),Armed Forces size,Birth Rate,Calling Code,Capital/Major City,Co2-Emissions,CPI,CPI Change (%),Currency-Code,Fertility Rate,Forested Area (%),Gasoline Price,GDP,Gross primary education enrollment (%),Gross tertiary education enrollment (%),Infant mortality,Largest city,Life expectancy,Maternal mortality ratio,Minimum wage,Official language,Out of pocket health expenditure,Physicians per thousand,Population,Population: Labor force participation (%),Tax revenue (%),Total tax rate,Unemployment rate,Urban_population,Latitude,Longitude
Afghanistan,60,AF,0.58,652230,323000,32.49,93,Kabul,8672,149.9,0.02,AFN,4.47,0.02,0.7,19101353833,1.04,0.1,47.9,Kabul,64.5,638,0.43,Pashto,0.78,0.28,38041754,0.49,0.09,0.71,0.11,9797273,33.93911,67.709953
Albania,105,AL,0.43,28748,9000,11.78,355,Tirana,4536,119.05,0.01,ALL,1.62,0.28,1.36,15278077447,1.07,0.55,7.8,Tirana,78.5,15,1.12,Albanian,0.57,1.2,2854191,0.56,0.19,0.37,0.12,1747593,41.153332,20.168331
Algeria,18,DZ,0.17,2381741,317000,24.28,213,Algiers,150006,151.36,0.02,DZD,3.02,0.01,0.28,1.69988E+11,1.1,0.51,20.1,Algiers,76.7,112,0.95,Arabic,0.28,1.72,43053054,0.41,0.37,0.66,0.12,31510100,28.033886,1.659626
Angola,26,AO,0.48,1246700,117000,40.73,244,Luanda,34693,261.73,0.17,AOA,5.52,0.46,0.97,94635415870,1.14,0.09,51.6,Luanda,60.8,241,0.71,Portuguese,0.33,0.21,31825295,0.78,0.09,0.49,0.07,21061025,-11.202692,17.873887
Antigua and Barbuda,223,AG,0.21,443,0,15.33,1,"St. John's, Saint John",557,113.81,0.01,XCD,1.99,0.22,0.99,1727759259,1.05,0.25,5,"St. John's, Saint John",76.9,42,3.04,English,0.24,2.76,97118,,0.17,0.43,,23800,17.060816,-61.796428
Argentina,17,AR,0.54,2780400,105000,17.02,54,Buenos Aires,201348,232.75,0.54,ARS,2.26,0.1,1.1,4.49663E+11,1.1,0.9,8.8,Buenos Aires,76.5,39,3.35,Spanish,0.18,3.96,44938712,0.61,0.1,1.06,0.1,41339571,-38.416097,-63.616672
Armenia,104,AM,0.59,29743,49000,13.99,374,Yerevan,5156,129.18,0.01,AMD,1.76,0.12,0.77,13672802158,0.93,0.55,11,Yerevan,74.9,26,0.66,Armenian,0.82,4.4,2957731,0.56,0.21,0.23,0.17,1869848,40.069099,45.038189
Australia,3,AU,0.48,7741220,58000,12.6,61,Canberra,375908,119.8,0.02,AUD,1.74,0.16,0.93,1.39268E+12,1,1.13,3.1,Sydney,82.7,6,13.59,None,0.2,3.68,25766605,0.66,0.23,0.47,0.05,21844756,-25.274398,133.775136
Austria,109,AT,0.32,83871,21000,9.7,43,Vienna,61448,118.06,0.02,EUR,1.47,0.47,1.2,4.46315E+11,1.03,0.85,2.9,Vienna,81.6,5,,German,0.18,5.17,8877067,0.61,0.25,0.51,0.05,5194416,47.516231,14.550072
Azerbaijan,123,AZ,0.58,86600,82000,14,994,Baku,37620,156.32,0.03,AZN,1.73,0.14,0.56,39207000000,1,0.28,19.2,Baku,72.9,26,0.47,Azerbaijani language,0.79,3.45,10023318,0.67,0.13,0.41,0.06,5616165,40.143105,47.576927
Bahrain,"2,239",BH,0.11,765,19000,13.99,973,Manama,31694,117.59,0.02,BHD,1.99,0.01,0.43,38574069149,0.99,0.51,6.1,Riffa,77.2,14,,Arabic,0.25,0.93,1501635,0.73,0.04,0.14,0.01,1467109,26.0667,50.5577
Bangladesh,"1,265",BD,0.71,148460,221000,18.18,880,Dhaka,84246,179.68,0.06,BDT,2.04,0.11,1.12,3.02571E+11,1.17,0.21,25.1,Dhaka,72.3,173,0.51,Bengali,0.72,0.58,167310838,0.59,0.09,0.33,0.04,60987417,23.684994,90.356331
Barbados,668,BB,0.23,430,1000,10.65,1,Bridgetown,1276,134.09,0.04,BBD,1.62,0.15,1.81,5209000000,0.99,0.65,11.3,Bridgetown,79.1,27,3.13,English,0.45,2.48,287025,0.65,0.28,0.36,0.1,89431,13.193887,-59.543198
Belarus,47,BY,0.42,207600,155000,9.9,375,Minsk,58280,,0.06,BYN,1.45,0.43,0.6,63080457023,1.01,0.87,2.6,Minsk,74.2,2,1.49,Russian,0.35,5.19,9466856,0.64,0.15,0.53,0.05,7482982,53.709807,27.953389
Belgium,383,BE,0.45,30528,32000,10.3,32,City of Brussels,96889,117.11,0.01,EUR,1.62,0.23,1.43,5.29607E+11,1.04,0.8,2.9,Brussels,81.6,5,10.31,French,0.18,3.07,11484055,0.54,0.24,0.55,0.06,11259082,50.503887,4.469936
Belize,17,BZ,0.07,22966,2000,20.79,501,Belmopan,568,105.68,-0.01,BZD,2.31,0.6,1.13,1879613600,1.12,0.25,11.2,Belize City,74.5,36,1.65,English,0.23,1.12,390353,0.65,0.26,0.31,0.06,179039,17.189877,-88.49765
Benin,108,BJ,0.33,112622,12000,36.22,229,Porto-Novo,6476,110.71,-0.01,XOF,4.84,0.38,0.72,14390709095,1.22,0.12,60.5,Cotonou,61.5,397,0.39,French,0.41,0.08,11801151,0.71,0.11,0.49,0.02,5648149,9.30769,2.315834
Bhutan,20,BT,0.14,38394,6000,17.26,975,Thimphu,1261,167.18,0.03,,1.98,0.73,0.98,2446674101,1,0.16,24.8,Thimphu,71.5,183,0.32,Dzongkha,0.2,0.42,727145,0.67,0.16,0.35,0.02,317538,27.514162,90.433601
Bolivia,11,BO,0.35,1098581,71000,21.75,591,Sucre,21606,148.32,0.02,BOB,2.73,0.5,0.71,40895322865,0.98,,21.8,Santa Cruz de la Sierra,71.2,155,1.36,Spanish,0.26,1.59,11513100,0.72,0.17,0.84,0.04,8033035,-16.290154,-63.588653
Bosnia and Herzegovina,64,BA,0.43,51197,11000,8.11,387,Sarajevo,21848,104.9,0.01,BAM,1.27,0.43,1.05,20047848435,,0.23,5,Tuzla Canton,77.3,10,1.04,Bosnian,0.29,2.16,3301000,0.46,0.2,0.24,0.18,1605144,43.915886,17.679076
Botswana,4,BW,0.46,581730,9000,24.82,267,Gaborone,6340,149.75,0.03,BWP,2.87,0.19,0.71,18340510789,1.03,0.25,30,Gaborone,69.3,144,0.29,English,0.05,0.37,2346179,0.71,0.2,0.25,0.18,1616550,-22.328474,24.684866
Brazil,25,BR,0.34,8515770,730000,13.92,55,Bras���,462299,167.4,0.04,BRL,1.73,0.59,1.02,1.83976E+12,1.15,0.51,12.8,S����,75.7,60,1.53,Portuguese,0.28,2.15,212559417,0.64,0.14,0.65,0.12,183241641,-14.235004,-51.92528
Brunei,83,BN,0.03,5765,8000,14.9,673,Bandar Seri Begawan,7664,99.03,0,BND,1.85,0.72,0.37,13469422941,1.03,0.31,9.8,,75.7,31,,Malay,0.06,1.61,433285,0.65,,0.08,0.09,337711,4.535277,114.727669
Bulgaria,64,BG,0.46,110879,31000,8.9,359,Sofia,41708,114.42,0.03,BGN,1.56,0.35,1.11,86000000000,0.89,0.71,5.9,Sofia,74.9,10,1.57,Bulgarian,0.48,4.03,6975761,0.55,0.2,0.28,0.04,5256027,42.733883,25.48583
Burkina Faso,76,BF,0.44,274200,11000,37.93,226,Ouagadougou,3418,106.58,-0.03,XOF,5.19,0.19,0.98,15745810235,0.96,0.07,49,Ouagadougou,61.2,320,0.34,French,0.36,0.08,20321378,0.66,0.15,0.41,0.06,6092349,12.238333,-1.561593
Burundi,463,BI,0.79,27830,31000,39.01,257,Bujumbura,495,182.11,-0.01,BIF,5.41,0.11,1.21,3012334882,1.21,0.06,41,Bujumbura,61.2,548,,Kirundi,0.19,0.1,11530580,0.79,0.14,0.41,0.01,1541177,-3.373056,29.918886
Cambodia,95,KH,0.31,181035,191000,22.46,855,Phnom Penh,9919,127.63,0.03,,2.5,0.53,0.9,27089389787,1.07,0.14,24,Phnom Penh,69.6,160,,Khmer language,0.59,0.17,16486542,0.82,0.17,0.23,0.01,3924621,12.565679,104.990963
Cameroon,56,CM,0.21,475440,24000,35.39,237,Yaound�,8291,118.65,0.03,XAF,4.57,0.39,1.03,38760467033,1.03,0.13,50.6,Douala,58.9,529,0.35,French,0.7,0.09,25876380,0.76,0.13,0.58,0.03,14741256,7.369722,12.354722
Canada,4,CA,0.07,9984670,72000,10.1,1,Ottawa,544894,116.76,0.02,CAD,1.5,0.38,0.81,1.73643E+12,1.01,0.69,4.3,Toronto,81.9,10,9.51,French,0.15,2.61,36991981,0.65,0.13,0.25,0.06,30628482,56.130366,-106.346771
Cape Verde,138,CV,0.2,4033,1000,19.49,238,Praia,543,110.5,0.01,CVE,2.27,0.23,1.02,1981845741,1.04,0.24,16.7,Praia,72.8,58,0.68,Portuguese,0.23,0.77,483628,0.61,0.2,0.38,0.12,364029,16.5388,-23.0418
Central African Republic,8,CF,0.08,622984,8000,35.35,236,Bangui,297,186.86,0.37,,4.72,0.36,1.41,2220307369,1.02,0.03,84.5,Bangui,52.8,829,0.37,French,0.4,0.06,4745185,0.72,0.09,0.73,0.04,1982064,6.611111,20.939444
Chad,13,TD,0.4,1284000,35000,42.17,235,N'Djamena,1016,117.7,-0.01,XAF,5.75,0.04,0.78,11314951343,0.87,0.03,71.4,N'Djamena,54,1140,0.6,French,0.56,0.04,15946876,0.71,,0.64,0.02,3712273,15.454166,18.732207
Chile,26,CL,0.21,756096,122000,12.43,56,Santiago,85822,131.91,0.03,CLP,1.65,0.24,1.03,2.82318E+11,1.01,0.89,6.2,Santiago,80,13,2,Spanish,0.32,2.59,18952038,0.63,0.18,0.34,0.07,16610135,-35.675147,-71.542969
China,153,CN,0.56,9596960,2695000,10.9,86,Beijing,9893038,125.08,0.03,CNY,1.69,0.22,0.96,1.991E+13,1,0.51,7.4,Shanghai,77,29,0.87,Standard Chinese,0.32,1.98,1397715000,0.68,0.09,0.59,0.04,842933962,35.86166,104.195397
Colombia,46,CO,0.4,1138910,481000,14.88,57,Bogot�,97814,140.95,0.04,COP,1.81,0.53,0.68,3.23803E+11,1.15,0.55,12.2,Bogot�,77.1,83,1.23,Spanish,0.18,2.18,50339443,0.69,0.14,0.71,0.1,40827302,4.570868,-74.297333
Comoros,467,KM,0.72,2235,,31.88,269,"Moroni, Comoros",202,103.62,-0.04,KMF,4.21,0.2,,1185728677,1,0.09,51.3,"Moroni, Comoros",64.1,273,0.71,French,0.75,0.27,850886,0.43,,2.2,0.04,248152,-11.6455,43.3333
Costa Rica,100,CR,0.35,51100,10000,13.97,506,San Jos������,8023,128.85,0.02,CRC,1.75,0.55,0.98,61773944174,1.13,0.55,7.6,San Jos������,80.1,27,1.84,Spanish,0.22,2.89,5047561,0.62,0.14,0.58,0.12,4041885,9.748917,-83.753428
Croatia,73,HR,0.28,56594,18000,9,385,Zagreb,17488,109.82,0.01,HRK,1.47,0.34,1.26,60415553039,0.97,0.68,4,Zagreb,78.1,8,2.92,Croatian,0.15,3,4067500,0.51,0.22,0.21,0.07,2328318,45.1,15.2
Cuba,106,CU,0.6,110860,76000,10.17,53,Havana,28284,,,CUP,1.62,0.31,1.4,1.00023E+11,1.02,0.41,3.7,Havana,78.7,36,0.05,Spanish,,8.42,11333483,0.54,,,0.02,8739135,21.521757,-77.781167
Cyprus,131,CY,0.12,9251,16000,10.46,357,Nicosia,6626,102.51,0,EUR,1.33,0.19,1.23,24564647935,0.99,0.76,1.9,Statos�������,80.8,6,,Greek,0.44,1.95,1198575,0.63,0.25,0.22,0.07,800708,35.126413,33.429859
Czech Republic,139,CZ,0.45,78867,23000,10.7,420,Prague,102218,116.48,0.03,CZK,1.69,0.35,1.17,2.46489E+11,1.01,0.64,2.7,Prague,79,3,3,Czech,0.15,4.12,10669709,0.61,0.15,0.46,0.02,7887156,49.817492,15.472962
Democratic Republic of the Congo,40,CD,0.12,2344858,134000,41.18,243,Kinshasa,2021,133.85,0.03,CDF,5.92,0.67,1.49,47319624204,1.08,0.07,68.2,Kinshasa,60.4,473,0.18,French,0.37,0.07,86790567,0.64,0.11,0.51,0.04,39095679,-4.038333,21.758664
Denmark,137,DK,0.62,43094,15000,10.6,45,Copenhagen,31786,110.35,0.01,DKK,1.73,0.15,1.55,3.48078E+11,1.01,0.81,3.6,Copenhagen,81,4,,Danish,0.14,4.01,5818553,0.62,0.32,0.24,0.05,5119978,56.26392,9.501785
Djibouti,43,DJ,0.73,23200,13000,21.47,253,Djibouti City,620,120.25,0.03,DJF,2.73,0,1.32,3318716359,0.75,0.05,49.8,Djibouti City,66.6,248,,French,0.2,0.22,973560,0.6,,0.38,0.1,758549,11.825138,42.590275
Dominica,96,DM,0.33,751,,12,1,Roseau,180,103.87,0.01,XCD,1.9,0.57,,596033333,1.15,0.07,32.9,Roseau,76.6,,1.48,English,0.28,1.08,71808,,0.22,0.33,,50830,15.414999,-61.370976
Dominican Republic,225,DO,0.49,48670,71000,19.51,1,Santo Domingo,25258,135.5,0.02,DOP,2.35,0.42,1.07,88941298258,1.06,0.6,24.1,Santo Domingo,73.9,95,0.4,Spanish,0.44,1.56,10738958,0.64,0.13,0.49,0.06,8787475,18.735693,-70.162651
East Timor,89,TL,0.26,14874,2000,29.42,670,Dili,495,145.38,0.03,USD,4.02,0.45,1.1,1673540300,1.15,0.18,39.3,Dili,69.3,142,0.6,Portuguese,0.1,0.72,3500000,0.67,0.25,0.17,0.05,400182,-8.874217,125.727539
Ecuador,71,EC,0.22,283561,41000,19.72,593,Quito,41155,124.14,0,USD,2.43,0.5,0.61,1.07436E+11,1.03,0.45,12.2,Quito,76.8,59,2.46,Spanish,0.44,2.04,17373662,0.68,,0.34,0.04,11116711,-1.831239,-78.183406
Egypt,103,EG,0.04,1001450,836000,26.38,20,Cairo,238560,288.57,0.09,EGP,3.33,0,0.4,3.03175E+11,1.06,0.35,18.1,Cairo,71.8,37,,Modern Standard Arabic,0.62,0.45,100388073,0.46,0.13,0.44,0.11,42895824,26.820553,30.802498
El Salvador,313,SV,0.76,21041,42000,18.25,503,San Salvador,7169,111.23,0,,2.04,0.13,0.83,27022640000,0.95,0.29,11.8,San Salvador,73.1,46,0.5,Spanish,0.28,1.57,6453553,0.59,0.18,0.36,0.04,4694702,13.794185,-88.89653
Equatorial Guinea,50,GQ,0.1,28051,1000,33.24,240,Malabo,5655,124.35,0.01,XAF,4.51,0.56,,11026774945,0.62,0.02,62.6,Malabo,58.4,301,1.05,Spanish,0.72,0.4,1355986,0.62,0.06,0.79,0.06,984812,1.650801,10.267895
Eritrea,35,ER,0.75,117600,202000,30.3,291,Asmara,711,,,ERN,4.06,0.15,2,2065001626,0.68,0.03,31.3,Asmara,65.9,480,,Tigrinya,0.52,0.06,6333135,0.78,,0.84,0.05,1149670,15.179384,39.782334
Estonia,31,EE,0.23,45228,6000,10.9,372,Tallinn,16590,122.14,0.02,EUR,1.59,0.51,1.14,31386949981,0.97,0.7,2.1,Tallinn,78.2,9,3.14,Estonian,0.23,4.48,1331824,0.64,0.21,0.48,0.05,916024,58.595272,25.013607
Ethiopia,115,ET,0.36,1104300,138000,32.34,251,Addis Ababa,14870,143.86,0.16,ETB,4.25,0.13,0.75,96107662398,1.01,0.08,39.1,Addis Ababa,66.2,401,,Amharic,0.38,0.08,112078730,0.8,0.08,0.38,0.02,23788710,9.145,40.489673
Federated States of Micronesia,784,FM,0.31,702,,22.82,691,Palikir,143,112.1,0.01,USD,3.05,0.92,,401932279,0.97,0.14,25.6,Palikir,67.8,88,,English,0.03,0.18,113815,,0.25,0.61,,25963,7.425554,150.550812
Fiji,49,FJ,0.23,18274,4000,21.28,679,Suva,2046,132.3,0.02,FJD,2.77,0.56,0.82,5535548972,1.06,0.16,21.6,Suva,67.3,34,1.28,Fiji Hindi,0.21,0.84,889953,0.58,0.24,0.32,0.04,505048,-17.713371,178.065032
Finland,18,FI,0.08,338145,25000,8.6,358,Helsinki,45871,112.33,0.01,EUR,1.41,0.73,1.45,2.68761E+11,1,0.88,1.4,Helsinki,81.7,3,,Swedish,0.2,3.81,5520314,0.59,0.21,0.37,0.07,4716888,61.92411,25.748151
France,119,FR,0.52,643801,307000,11.3,33,Paris,303276,110.05,0.01,EUR,1.88,0.31,1.39,2.71552E+12,1.03,0.66,3.4,Paris,82.5,8,11.16,French,0.07,3.27,67059887,0.55,0.24,0.61,0.08,54123364,46.227638,2.213749
Gabon,9,GA,0.2,267667,7000,31.61,241,Libreville,5321,122.19,0.02,XAF,3.97,0.9,0.92,16657960228,1.4,0.08,32.7,Libreville,66.2,252,1.46,French,0.26,0.68,2172579,0.53,0.1,0.47,0.2,1949694,-0.803689,11.609444
Georgia,57,GE,0.35,69700,26000,13.47,995,Tbilisi,10128,133.61,0.05,GEL,2.06,0.41,0.76,17743195770,0.99,0.64,8.7,Tbilisi,73.6,25,0.05,Georgian,0.57,7.12,3720382,0.68,0.22,0.1,0.14,2196476,42.315407,43.356892
Germany,240,DE,0.48,357022,180000,9.5,49,Berlin,727973,112.85,0.01,EUR,1.56,0.33,1.39,3.84563E+12,1.04,0.7,3.1,Berlin,80.9,7,9.99,German,0.13,4.25,83132799,0.61,0.12,0.49,0.03,64324835,51.165691,10.451526
Ghana,137,GH,0.69,238533,16000,29.41,233,Accra,16670,268.36,0.07,GHS,3.87,0.41,0.92,66983634224,1.05,0.16,34.9,Accra,63.8,308,0.27,English,0.36,0.14,30792608,0.68,0.13,0.55,0.04,17249054,7.946527,-1.023194
Greece,81,GR,0.48,131957,146000,8.1,30,Athens,62434,101.87,0,EUR,1.35,0.32,1.54,2.09853E+11,1,1.37,3.6,Macedonia,81.3,3,4.46,Greek,0.36,5.48,10716322,0.52,0.26,0.52,0.17,8507474,39.074208,21.824312
Grenada,331,GD,0.24,349,,16.47,1,"St. George's, Grenada",268,107.43,0.01,XCD,2.06,0.5,1.12,1228170370,1.07,1.05,13.7,"St. George's, Grenada",72.4,25,,English,0.57,1.41,112003,,0.19,0.48,,40765,12.1165,-61.679
Guatemala,167,GT,0.36,108889,43000,24.56,502,Guatemala City,16777,142.92,0.04,GTQ,2.87,0.33,0.79,76710385880,1.02,0.22,22.1,Guatemala City,74.1,95,1.6,Spanish,0.56,0.35,16604026,0.62,0.11,0.35,0.02,8540945,15.783471,-90.230759
Guinea,53,GN,0.59,245857,13000,36.36,224,Conakry,2996,262.95,0.1,GNF,4.7,0.26,0.9,13590281809,0.92,0.12,64.9,Kankan,61.2,576,,French,0.55,0.08,12771246,0.62,0.11,0.69,0.04,4661505,9.945587,-9.696645
Guinea-Bissau,70,GW,0.58,36125,4000,35.13,245,Bissau,293,111.65,0.01,XOF,4.48,0.7,,1340389411,1.19,0.03,54,Bissau,58,667,0.16,Portuguese,0.37,0.13,1920922,0.72,0.1,0.46,0.02,840922,11.803749,-15.180413
Guyana,4,GY,0.09,214969,3000,19.97,592,"Georgetown, Guyana",2384,116.19,0.02,GYD,2.46,0.84,0.9,4280443645,0.98,0.12,25.1,"Georgetown, Guyana",69.8,169,0.98,English,0.41,0.8,782766,0.56,,0.31,0.12,208912,4.860416,-58.93018
Haiti,414,HT,0.67,27750,0,24.35,509,Port-au-Prince,2978,179.29,0.13,HTG,2.94,0.04,0.81,8498981821,1.14,0.01,49.5,Port-au-Prince,63.7,480,0.25,French,0.36,0.23,11263077,0.67,,0.43,0.14,6328948,18.971187,-72.285215
Honduras,89,HN,0.29,112090,23000,21.6,504,Tegucigalpa,9813,150.34,0.04,HNL,2.46,0.4,0.98,25095395475,0.92,0.26,15.1,Tegucigalpa,75.1,65,1.01,Spanish,0.49,0.31,9746117,0.69,0.17,0.39,0.05,5626433,15.199999,-86.241905
Hungary,107,HU,0.58,93028,40000,9.6,36,Budapest,45537,121.64,0.03,HUF,1.54,0.23,1.18,1.60967E+11,1.01,0.49,3.6,Budapest,75.8,12,2.62,Hungarian,0.29,3.41,9769949,0.57,0.23,0.38,0.03,6999582,47.162494,19.503304
Iceland,3,IS,0.19,103000,0,12,354,Reykjav��,2065,129,0.03,ISK,1.71,0.01,1.69,24188035739,1,0.72,1.5,Reykjav��,82.7,4,,Icelandic,0.17,4.08,361313,0.75,0.23,0.32,0.03,339110,64.963051,-19.020835
India,464,IN,0.6,3287263,3031000,17.86,91,New Delhi,2407672,180.44,0.08,INR,2.22,0.24,0.97,2.611E+12,1.13,0.28,29.9,Kurebhar,69.4,145,0.3,Hindi,0.65,0.86,1366417754,0.49,0.11,0.5,0.05,471031528,20.593684,78.96288
Indonesia,151,ID,0.32,1904569,676000,18.07,62,Jakarta,563325,151.18,0.03,IDR,2.31,0.5,0.63,1.11919E+12,1.06,0.36,21.1,Kalimantan,71.5,177,0.48,Indonesian,0.48,0.43,270203917,0.68,0.1,0.3,0.05,151509724,-0.789275,113.921327
Iran,52,IR,0.28,1648195,563000,18.78,98,Tehran,661710,550.93,0.4,IRR,2.14,0.07,0.4,4.45345E+11,1.11,0.68,12.4,Tehran,76.5,16,1.58,Persian,0.4,1.58,82913906,0.45,0.07,0.45,0.11,62509623,32.427908,53.688046
Iraq,93,IQ,0.21,438317,209000,29.08,964,Baghdad,190061,119.86,0,IQD,3.67,0.02,0.61,2.34094E+11,1.09,0.16,22.5,Baghdad,70.5,79,1.24,Arabic,0.77,0.71,39309783,0.43,0.02,0.31,0.13,27783368,33.223191,43.679291
Israel,400,IL,0.25,20770,178000,20.8,972,Jerusalem,65166,108.15,0.01,ILS,3.09,0.08,1.57,3.95099E+11,1.05,0.63,3,Jerusalem,82.8,3,7.58,Hebrew,0.24,4.62,9053300,0.64,0.23,0.25,0.04,8374393,31.046051,34.851612
Italy,206,IT,0.43,301340,347000,7.3,39,Rome,320411,110.62,0.01,EUR,1.29,0.32,1.61,2.00124E+12,1.02,0.62,2.6,Rome,82.9,2,,Italian,0.23,3.98,60297396,0.5,0.24,0.59,0.1,42651966,41.87194,12.56738
Ivory Coast,83,CI,0.65,322463,27000,35.74,225,Yamoussoukro,9674,111.61,-0.01,XOF,4.65,0.33,0.93,58792205642,1,0.09,59.4,Abidjan,57.4,617,0.36,French,0.36,0.23,25716544,0.57,0.12,0.5,0.03,13176900,7.539989,-5.54708
Jamaica,273,JM,0.41,10991,4000,16.1,1876,"Kingston, Jamaica",8225,162.47,0.04,JMD,1.98,0.31,1.11,16458071068,0.91,0.27,12.4,"Kingston, Jamaica",74.4,80,1.33,Jamaican English,0.24,1.31,2948279,0.66,0.27,0.35,0.08,1650594,18.109581,-77.297508
Japan,347,JP,0.12,377944,261000,7.4,81,Tokyo,1135886,105.48,0.01,,1.42,0.69,1.06,5.08177E+12,0.99,0.63,1.8,Tokyo,84.2,5,6.77,None,0.13,2.41,126226568,0.62,0.12,0.47,0.02,115782416,36.204824,138.252924
Jordan,115,JO,0.12,89342,116000,21.98,962,Amman,25108,125.6,0.01,JOD,2.76,0.01,1.1,43743661972,0.82,0.34,13.9,Amman,74.4,46,1.49,Arabic,0.25,2.32,10101694,0.39,0.15,0.29,0.15,9213048,30.585164,36.238414
Kazakhstan,7,KZ,0.8,2724900,71000,21.77,7,Astana,247207,182.75,0.05,KZT,2.84,0.01,0.42,1.80162E+11,1.04,0.62,8.8,Almaty,73.2,10,0.41,Russian,0.39,3.25,18513930,0.69,0.12,0.28,0.05,10652915,48.019573,66.923684
Kenya,94,KE,0.49,580367,29000,28.75,254,Nairobi,17910,180.51,0.05,KES,3.49,0.08,0.95,95503088538,1.03,0.12,30.6,Nairobi,66.3,342,0.25,Swahili,0.33,0.16,52573973,0.75,0.15,0.37,0.03,14461523,-0.023559,37.906193
Kiribati,147,KI,0.42,811,,27.89,686,South Tarawa,66,99.55,0.01,AUD,3.57,0.15,,194647202,1.01,,41.2,South Tarawa,68.1,92,,English,0,0.2,117606,,0.22,0.33,,64489,1.8368976,-157.3768317
Kuwait,240,KW,0.08,17818,25000,13.94,965,Kuwait City,98734,126.6,0.01,KWD,2.08,0,0.35,1.34761E+11,0.92,0.54,6.7,Kuwait City,75.4,12,0.95,Modern Standard Arabic,0.14,2.58,4207083,0.74,0.01,0.13,0.02,4207083,29.31166,47.481766
Kyrgyzstan,34,KG,0.55,199951,21000,27.1,996,Bishkek,9787,155.68,0.01,KGS,3.3,0.03,0.56,8454619608,1.08,0.41,16.9,Bishkek,71.4,60,0.09,Russian,0.48,1.88,6456900,0.6,0.18,0.29,0.06,2362644,41.20438,74.766098
Laos,32,LA,0.1,236800,129000,23.55,856,Vientiane,17763,135.87,0.03,LAK,2.67,0.82,0.93,18173839128,1.02,0.15,37.6,Vientiane,67.6,185,0.83,Lao,0.45,0.37,7169455,0.79,0.13,0.24,0.01,2555552,19.85627,102.495496
Latvia,30,LV,0.31,64589,6000,10,371,Riga,7004,116.86,0.03,EUR,1.6,0.54,1.16,34117202555,0.99,0.88,3.3,Riga,74.7,19,2.8,Latvian,0.42,3.19,1912789,0.61,0.23,0.38,0.07,1304943,56.879635,24.603189
Lebanon,667,LB,0.64,10400,80000,17.55,961,Beirut,24796,130.02,0.03,LBP,2.09,0.13,0.74,53367042272,0.95,0.26,6.4,"Tripoli, Lebanon",78.9,29,2.15,Arabic,0.32,2.1,6855713,0.47,0.15,0.32,0.06,6084994,33.854721,35.862285
Lesotho,71,LS,0.78,30355,2000,26.81,266,Maseru,2512,155.86,0.05,,3.14,0.02,0.7,2460072444,1.21,0.1,65.7,Maseru,53.7,544,0.41,English,0.17,0.07,2125268,0.68,0.32,0.14,0.23,607508,-29.609988,28.233608
Liberia,53,LR,0.28,111369,2000,33.04,231,Monrovia,1386,223.13,0.24,,4.32,0.43,0.8,3070518100,0.85,0.12,53.5,Monrovia,63.7,661,0.17,English,0.2,0.04,4937374,0.76,0.13,0.46,0.03,2548426,6.428055,-9.429499
Libya,4,LY,0.09,1759540,0,18.83,218,,50564,125.71,0.03,LYD,2.24,0,0.11,52076250948,1.09,0.61,10.2,,72.7,72,1.88,Arabic,0.37,2.09,6777452,0.5,,0.33,0.19,5448597,26.3351,17.228331
Liechtenstein,238,LI,0.32,160,,9.9,423,Vaduz,51,,,CHF,1.44,0.43,1.74,6552858739,1.05,0.36,,Schaan,83,,,German,,,38019,,,0.22,,5464,47.1410392,9.520935
Lithuania,43,LT,0.47,65300,34000,10,370,Vilnius,12963,118.38,0.02,EUR,1.63,0.35,1.16,54219315600,1.04,0.72,3.3,Vilnius,75.7,8,2.41,Lithuanian,0.32,6.35,2786844,0.62,0.17,0.43,0.06,1891013,55.169438,23.881275
Luxembourg,242,LU,0.54,2586,2000,10.3,352,Luxembourg City,8988,115.09,0.02,EUR,1.37,0.36,1.19,71104919108,1.02,0.19,1.9,Luxembourg City,82.1,5,13.05,Luxembourgish,0.11,3.01,645397,0.59,0.27,0.2,0.05,565488,49.815273,6.129583
Madagascar,48,MG,0.71,587041,22000,32.66,261,Antananarivo,3905,184.33,0.06,MGA,4.08,0.21,1.11,14083906357,1.43,0.05,38.2,Antananarivo,66.7,335,0.21,French,0.22,0.18,26969307,0.86,0.1,0.38,0.02,10210849,-18.766947,46.869107
Malawi,203,MW,0.61,118484,15000,34.12,265,Lilongwe,1298,418.34,0.09,MWK,4.21,0.33,1.15,7666704427,1.43,0.01,35.3,Lilongwe,63.8,349,0.12,English,0.11,0.04,18628747,0.77,0.17,0.35,0.06,3199301,-13.254308,34.301525
Malaysia,99,MY,0.26,329847,136000,16.75,60,Kuala Lumpur,248289,121.46,0.01,MYR,2,0.68,0.45,3.64702E+11,1.05,0.45,6.7,Johor Bahru,76,29,0.93,Malaysian language,0.37,1.51,32447385,0.64,0.12,0.39,0.03,24475766,4.210484,101.975766
Maldives,"1,802",MV,0.26,298,5000,14.2,960,Mal�,1445,99.7,0,,1.87,0.03,1.63,5729248472,0.97,0.31,7.4,Mal�,78.6,53,,Divehi,0.16,4.56,530953,0.7,0.2,0.3,0.06,213645,3.202778,73.22068
Mali,17,ML,0.34,1240192,18000,41.54,223,Bamako,3179,108.73,-0.02,XOF,5.88,0.04,1.12,17510141171,0.76,0.05,62,Bamako,58.9,562,0.23,French,0.46,0.13,19658031,0.71,0.12,0.55,0.07,8479688,17.570692,-3.996166
Malta,"1,380",MT,0.32,316,2000,9.2,356,Valletta,1342,113.45,0.02,EUR,1.23,0.01,1.36,14786156563,1.05,0.54,6.1,Birkirkara,82.3,6,5.07,Maltese,0.37,2.86,502653,0.57,0.26,0.44,0.03,475902,35.937496,14.375416
Marshall Islands,329,MH,0.64,181,,29.03,692,Majuro,143,,,USD,4.05,0.7,1.44,221278000,0.85,0.24,27.4,Majuro,65.2,,2,Marshallese,0.1,0.42,58791,,0.18,0.66,,45514,7.131474,171.184478
Mauritania,5,MR,0.39,1030700,21000,33.69,222,Nouakchott,2739,135.02,0.02,MRU,4.56,0,1.13,7593752450,1,0.05,51.5,Nouakchott,64.7,766,0.53,Arabic,0.48,0.19,4525696,0.46,,0.67,0.1,2466821,21.00789,-10.940835
Mauritius,626,MU,0.42,2040,3000,10.2,230,Port Louis,4349,129.91,0,MUR,1.41,0.19,1.12,14180444557,1.01,0.41,13.6,Port Louis,74.4,61,0.38,French,0.51,2.53,1265711,0.58,0.19,0.22,0.07,515980,-20.348404,57.552152
Mexico,66,MX,0.55,1964375,336000,17.6,52,Mexico City,486406,141.54,0.04,MXN,2.13,0.34,0.73,1.25829E+12,1.06,0.4,11,Mexico City,75,33,0.49,None,0.41,2.38,126014024,0.61,0.13,0.55,0.03,102626859,23.634501,-102.552784
Moldova,123,MD,0.74,33851,7000,10.1,373,Chi����,5115,166.2,0.05,MDL,1.26,0.13,0.8,11955435457,0.91,0.4,13.6,Chi����,71.8,19,0.31,Romanian,0.46,3.21,2657637,0.43,0.18,0.39,0.05,1135502,47.411631,28.369885
Mongolia,2,MN,0.72,1564116,18000,24.13,976,Ulaanbaatar,25368,195.76,0.07,MNT,2.9,0.08,0.72,13852850259,1.04,0.66,14,Ulaanbaatar,69.7,45,0.65,Mongolian,0.39,2.86,3225167,0.6,0.17,0.26,0.06,2210626,46.862496,103.846656
Montenegro,47,ME,0.19,13812,12000,11.73,382,Podgorica,2017,116.32,0.03,EUR,1.75,0.62,1.16,5494736901,1,0.56,2.3,Podgorica,76.8,6,1.23,Montenegrin language,0.32,2.76,622137,0.54,,0.22,0.15,417765,42.708678,19.37439
Morocco,83,MA,0.69,446550,246000,18.94,212,Rabat,61276,111.07,0,MAD,2.42,0.13,0.99,1.18725E+11,1.14,0.36,19.2,Casablanca,76.5,70,1.6,Arabic,0.53,0.73,36910560,0.45,0.22,0.46,0.09,22975026,31.791702,-7.09262
Mozambique,40,MZ,0.64,799380,11000,37.52,258,Maputo,7943,182.31,0.03,MZN,4.85,0.48,0.65,14934159926,1.13,0.07,54,Maputo,60.2,289,0.27,Portuguese,0.07,0.08,30366036,0.78,0,0.36,0.03,11092106,-18.665695,35.529562
Myanmar,83,MM,0.2,676578,513000,17.55,95,Naypyidaw,25280,168.18,0.09,MMK,2.15,0.44,0.54,76085852617,1.12,0.19,36.8,Yangon,66.9,250,0.39,Burmese,0.74,0.68,54045420,0.62,0.05,0.31,0.02,16674093,21.916221,95.955974
Namibia,3,,0.47,824292,16000,28.64,264,Windhoek,4228,157.97,0.04,,3.4,0.08,0.76,12366527719,1.24,0.23,29,Windhoek,63.4,195,,English,0.08,0.42,2494530,0.6,0.27,0.21,0.2,1273258,-22.95764,18.49041
Nepal,203,NP,0.29,147181,112000,19.89,977,Kathmandu,9105,188.73,0.06,NPR,1.92,0.25,0.91,30641380604,1.42,0.12,26.7,Kathmandu,70.5,186,0.36,Nepali,0.6,0.75,28608710,0.84,0.21,0.42,0.01,5765513,28.394857,84.124008
Netherlands,508,NL,0.53,41543,41000,9.7,31,Amsterdam,170780,115.91,0.03,,1.59,0.11,1.68,9.0907E+11,1.04,0.85,3.3,Amsterdam,81.8,5,10.29,Dutch,0.12,3.61,17332850,0.64,0.23,0.41,0.03,15924729,52.132633,5.291266
New Zealand,18,NZ,0.41,268838,9000,11.98,64,Wellington,34382,114.24,0.02,NZD,1.71,0.39,1.4,2.06929E+11,1,0.82,4.7,Auckland,81.9,9,11.49,English,0.13,3.59,4841000,0.7,0.29,0.35,0.04,4258860,-40.900557,174.885971
Nicaragua,55,NI,0.42,130370,12000,20.64,505,Managua,5592,162.74,0.05,NIO,2.4,0.26,0.91,12520915291,1.21,0.17,15.7,Managua,74.3,98,0.54,Spanish,0.36,0.98,6545502,0.66,0.16,0.61,0.07,3846137,12.865416,-85.207229
Niger,19,NE,0.36,1267000,10000,46.08,227,Niamey,2017,109.32,-0.03,XOF,6.91,0.01,0.88,12928145120,0.75,0.04,48,Niamey,62,509,0.29,French,0.52,0.04,23310715,0.72,0.12,0.47,0,3850231,17.607789,8.081666
Nigeria,226,NG,0.78,923768,215000,37.91,234,Abuja,120369,267.51,0.11,NGN,5.39,0.07,0.46,4.4812E+11,0.85,0.1,75.7,Lagos,54.3,917,0.54,English,0.72,0.38,200963599,0.53,0.02,0.35,0.08,102806948,9.081999,8.675277
North Korea,214,KP,0.22,120538,1469000,13.89,850,Pyongyang,28284,,,KPW,1.9,0.41,0.58,32100000000,1.13,0.27,13.7,Pyongyang,72.1,89,,Korean,,3.67,25666161,0.8,,,0.03,15947412,40.339852,127.510093
Norway,15,NO,0.03,323802,23000,10.4,47,Oslo,41023,120.27,0.02,NOK,1.56,0.33,1.78,4.03336E+11,1,0.82,2.1,Oslo,82.8,2,,Norwegian,0.14,2.92,5347896,0.64,0.24,0.36,0.03,4418218,60.472024,8.468946
Oman,16,OM,0.05,309500,47000,19.19,968,Muscat,63457,113.53,0,OMR,2.89,0,0.45,76983094928,1.03,0.38,9.8,Seeb,77.6,19,4.33,Arabic,0.06,2,5266535,0.72,0.03,0.27,0.03,4250777,21.4735329,55.975413
Pakistan,287,PK,0.48,796095,936000,28.25,92,Islamabad,201150,182.32,0.11,PKR,3.51,0.02,0.79,3.044E+11,0.94,0.09,57.2,Karachi,67.1,140,0.69,Urdu,0.67,0.98,216565318,0.53,0.09,0.34,0.04,79927762,30.375321,69.345116
Palau,39,PW,0.11,459,,14,680,Ngerulmud,224,118.17,0.01,USD,2.21,0.88,,283994900,1.13,0.55,16.6,Koror,69.1,,3,English,0.22,1.18,18233,,0.21,0.77,,14491,7.51498,134.58252
Panama,58,PA,0.3,75420,26000,18.98,507,Panama City,10715,122.07,0,,2.46,0.62,0.74,66800800000,0.94,0.48,13.1,Panama City,78.3,52,1.53,Spanish,0.31,1.57,4246439,0.67,,0.37,0.04,2890084,8.537981,-80.782127
Papua New Guinea,20,PG,0.03,462840,4000,27.07,675,Port Moresby,7536,155.99,0.04,PGK,3.56,0.74,1.36,24969611435,1.09,0.02,38,Port Moresby,64.3,145,1.16,Tok Pisin,0.06,0.07,8776109,0.47,0.14,0.37,0.02,1162834,-6.314993,143.95555
Paraguay,18,PY,0.55,406752,27000,20.57,595,Asunci��,7407,143.82,0.03,PYG,2.43,0.38,1.04,38145288940,1.04,0.35,17.2,Ciudad del Este,74.1,129,1.55,Spanish,0.37,1.35,7044636,0.72,0.1,0.35,0.05,4359150,-23.442503,-58.443832
Peru,26,PE,0.19,1285216,158000,17.95,51,Lima,57414,129.78,0.02,PEN,2.25,0.58,0.99,2.26848E+11,1.07,0.71,11.1,Lima,76.5,88,1.28,Spanish,0.31,1.27,32510453,0.78,0.14,0.37,0.03,25390339,-9.189967,-75.015152
Philippines,368,PH,0.42,300000,153000,20.55,63,Manila,122287,129.61,0.03,PHP,2.58,0.28,0.86,3.76796E+11,1.08,0.36,22.5,Manila,71.1,121,1.12,English,0.54,0.6,108116615,0.6,0.14,0.43,0.02,50975903,12.879721,121.774017
Poland,124,PL,0.47,312685,191000,10.2,48,Warsaw,299037,114.11,0.02,PLN,1.46,0.31,1.07,5.92164E+11,1,0.68,3.8,Warsaw,77.6,2,2.93,Polish,0.23,2.38,37970874,0.57,0.17,0.41,0.03,22796574,51.919438,19.145136
Portugal,111,PT,0.4,92212,52000,8.5,351,Lisbon,48742,110.62,0,EUR,1.38,0.35,1.54,2.37686E+11,1.06,0.64,3.1,Lisbon,81.3,8,3.78,Portuguese,0.28,5.12,10269417,0.59,0.23,0.4,0.06,6753579,39.399872,-8.224454
Qatar,248,QA,0.06,11586,22000,9.54,974,Doha,103259,115.38,-0.01,QAR,1.87,0,0.4,1.83466E+11,1.04,0.18,5.8,Doha,80.1,9,,Arabic,0.06,2.49,2832067,0.87,0.15,0.11,0,2809071,25.354826,51.183884
Republic of Ireland,72,,0.65,70273,9000,12.5,353,Dublin,37711,106.58,0.01,EUR,1.75,0.11,1.37,3.88699E+11,1.01,0.78,3.1,Connacht,82.3,5,10.79,Irish,0.15,3.31,5007069,0.62,0.18,0.26,0.05,3133123,53.41291,-8.24389
Republic of the Congo,16,,0.31,342000,12000,32.86,242,Brazzaville,3282,124.74,0.02,XAF,4.43,0.65,0.97,10820591131,1.07,0.13,36.2,Brazzaville,64.3,378,0.88,French,0.44,0.12,5380508,0.69,0.09,0.54,0.09,3625010,-0.228021,15.827659
Romania,84,RO,0.59,238391,126000,9.6,40,Bucharest,69259,123.78,0.04,RON,1.71,0.3,1.16,2.50077E+11,0.85,0.49,6.1,Bucharest,75.4,19,2.25,Romanian,0.21,2.98,19356544,0.55,0.15,0.2,0.04,10468793,45.943161,24.96676
Russia,9,RU,0.13,17098240,1454000,11.5,7,Moscow,1732027,180.75,0.05,RUB,1.57,0.5,0.59,1.69988E+12,1.03,0.82,6.1,Moscow,72.7,17,0.53,Russian,0.36,4.01,144373535,0.62,0.11,0.46,0.05,107683889,61.52401,105.318756
Rwanda,525,RW,0.73,26338,35000,31.7,250,Kigali,1115,151.09,0.03,RWF,4.04,0.2,1.17,10122472590,1.33,0.07,27,Kigali,68.7,248,,Swahili,0.26,0.13,12626950,0.84,0.14,0.33,0.01,2186104,-1.940278,29.873888
Saint Kitts and Nevis,205,KN,0.23,261,,12.6,1,Basseterre,238,104.57,-0.01,XCD,2.11,0.42,,1050992593,1.09,0.87,9.8,Basseterre,71.3,,3.33,English,0.57,2.52,52823,,0.19,0.5,,16269,17.357822,-62.782998
Saint Lucia,301,LC,0.17,616,,12,1,Castries,414,110.13,0.02,XCD,1.44,0.33,1.3,2122450630,1.03,0.14,14.9,Castries,76.1,117,,English,0.48,0.64,182790,0.67,0.18,0.35,0.21,34280,13.909444,-60.978893
Saint Vincent and the Grenadines,284,VC,0.26,389,,14.24,1,Kingstown,220,109.67,0.02,XCD,1.89,0.69,,825385185,1.13,0.24,14.8,Calliaqua,72.4,68,1.16,English,0.21,0.66,100455,0.66,0.25,0.37,0.19,58185,12.984305,-61.287228
Samoa,70,WS,0.12,2831,,24.38,685,Apia,246,117.56,0.01,WST,3.88,0.6,0.91,850655017,1.11,0.08,13.6,Apia,73.2,43,0.78,Samoan,0.12,0.34,202506,0.44,0.26,0.19,0.08,35588,-13.759029,-172.104629
San Marino,566,SM,0.17,61,,6.8,378,City of San Marino,,110.63,0.01,EUR,1.26,0,,1637931034,1.08,0.43,1.7,City of San Marino,85.4,,,Italian,0.18,6.11,33860,,0.18,0.36,,32969,43.94236,12.457777
Saudi Arabia,16,SA,0.81,2149690,252000,17.8,966,Riyadh,563449,118.4,-0.01,SAR,2.32,0.01,0.24,7.92967E+11,1,0.68,6,Riyadh,75,17,3.85,Arabic,0.15,2.61,34268528,0.56,0.09,0.16,0.06,28807838,23.885942,45.079162
Senegal,87,SN,0.46,196722,19000,34.52,221,Dakar,10902,109.25,0.02,XOF,4.63,0.43,1.14,23578084052,0.81,0.13,31.8,Pikine,67.7,315,0.31,French,0.44,0.07,16296364,0.46,0.16,0.45,0.07,7765706,14.497401,-14.452362
Serbia,100,RS,0.39,77474,32000,9.2,381,Belgrade,45221,144,0.02,RSD,1.49,0.31,1.16,51409167351,1,0.67,4.8,Belgrade,75.5,12,1.57,Serbian,0.41,3.11,6944975,0.55,0.19,0.37,0.13,3907243,44.016521,21.005859
Seychelles,214,SC,0.03,455,0,17.1,248,"Victoria, Seychelles",605,129.96,0.02,SCR,2.41,0.88,,1698843063,1,0.17,12.4,"Victoria, Seychelles",72.8,53,2,French,0.03,0.95,97625,,0.34,0.3,,55762,-4.679574,55.491977
Sierra Leone,111,SL,0.55,71740,9000,33.41,232,Freetown,1093,234.16,0.15,SLL,4.26,0.43,1.08,3941474311,1.13,0.02,78.5,Freetown,54.3,1120,0.57,English,0.38,0.03,7813215,0.58,0.09,0.31,0.04,3319366,8.460555,-11.779889
Singapore,"8,358",SG,0.01,716,81000,8.8,65,,37535,114.41,0.01,SGD,1.14,0.23,1.25,3.72063E+11,1.01,0.85,2.3,,83.1,8,,Malay,0.37,2.29,5703569,0.71,0.13,0.21,0.04,5703569,1.352083,103.819836
Slovakia,114,SK,0.39,49035,16000,10.6,421,Bratislava,32424,115.34,0.03,EUR,1.52,0.4,1.32,1.05422E+11,0.99,0.47,4.6,Bratislava,77.2,5,3.11,Slovak,0.18,3.42,5454073,0.6,0.19,0.5,0.06,2930419,48.669026,19.699024
Slovenia,103,SI,0.31,20273,7000,9.4,386,Ljubljana,12633,111.05,0.02,EUR,1.6,0.62,1.32,53742159517,1,0.79,1.7,Ljubljana,81,7,5.25,Slovene language,0.13,3.09,2087946,0.58,0.19,0.31,0.04,1144654,46.151241,14.995463
Solomon Islands,25,SB,0.04,28896,,32.44,677,Honiara,169,133.06,0.02,SBD,4.4,0.78,,1425074226,1.06,,17.1,Honiara,72.8,104,0.4,English,0.03,0.19,669823,0.84,0.3,0.32,0.01,162164,-9.64571,160.156194
Somalia,25,SO,0.7,637657,20000,41.75,252,Mogadishu,645,,,SOS,6.07,0.1,1.41,4720727278,0.23,0.03,76.6,Bosaso,57.1,829,,Arabic,,0.02,15442905,0.47,0,,0.11,7034861,5.152149,46.199616
South Africa,49,ZA,0.8,1219090,80000,20.51,27,Pretoria,476644,158.93,0.04,ZAR,2.41,0.08,0.92,3.51432E+11,1.01,0.22,28.5,Johannesburg,63.9,119,,Afrikaans,0.08,0.91,58558270,0.56,0.28,0.29,0.28,39149717,-30.559482,22.937506
South Korea,527,KR,0.17,99720,634000,6.4,82,Seoul,620302,115.16,0,KRW,0.98,0.63,1.22,2.029E+12,0.98,0.94,2.7,Seoul,82.6,11,6.49,Korean,0.37,2.36,51709098,0.63,0.16,0.33,0.04,42106719,35.907757,127.766922
South Sudan,18,SS,,644329,185000,35.01,211,Juba,1727,"4,583.71",1.88,SSP,4.7,,0.28,11997800751,0.73,,63.7,Juba,57.6,1150,,English,0.61,,11062113,0.72,,0.31,0.12,2201250,6.8769919,31.3069788
Spain,94,ES,0.53,505370,196000,7.9,34,Madrid,244002,110.96,0.01,EUR,1.26,0.37,1.26,1.39412E+12,1.03,0.89,2.5,Madrid,83.3,4,5.6,Spanish,0.24,3.87,47076781,0.58,0.14,0.47,0.14,37927409,40.463667,-3.74922
Sri Lanka,341,LK,0.44,65610,317000,15.83,94,Colombo,23362,155.53,0.04,LKR,2.2,0.33,0.88,84008783756,1,0.2,6.4,Colombo,76.8,36,0.35,Tamil,0.38,1,21803000,0.54,0.12,0.55,0.04,4052088,7.873054,80.771797
Sudan,25,SD,0.29,1861484,124000,32.18,249,Khartoum,20000,"1,344.19",0.51,SDG,4.41,0.08,0.95,18902284476,0.77,0.17,42.1,Omdurman,65.1,295,0.41,Arabic,0.63,0.26,42813238,0.48,0.08,0.45,0.17,14957233,12.862807,30.217636
Suriname,4,SR,0.01,163820,2000,18.54,597,Paramaribo,1738,294.66,0.22,SRD,2.42,0.98,1.29,3985250737,1.09,0.13,16.9,Paramaribo,71.6,120,,Dutch,0.1,1.21,581372,0.51,0.2,0.28,0.07,384258,3.919305,-56.027783
Sweden,25,SE,0.07,450295,30000,11.4,46,Stockholm,43252,110.51,0.02,SEK,1.76,0.69,1.42,5.30833E+11,1.27,0.67,2.2,S�����,82.5,4,,Swedish,0.15,3.98,10285453,0.65,0.28,0.49,0.06,9021165,60.128161,18.643501
Switzerland,219,CH,0.38,41277,21000,10,41,Bern,34477,99.55,0,CHF,1.52,0.32,1.45,7.03082E+11,1.05,0.6,3.7,Z���,83.6,5,,German,0.28,4.3,8574832,0.68,0.1,0.29,0.05,6332428,46.818188,8.227512
Syria,95,SY,0.76,185180,239000,23.69,963,Damascus,28830,143.2,0.37,SYP,2.81,0.03,0.83,40405006007,0.82,0.4,14,Damascus,71.8,31,1.02,Arabic,0.54,1.22,17070135,0.44,0.14,0.43,0.08,9358019,34.802075,38.996815
Tajikistan,68,TJ,0.34,144100,17000,30.76,992,Dushanbe,5310,148.57,0.06,TJS,3.59,0.03,0.71,8116626794,1.01,0.31,30.4,Dushanbe,70.9,17,0.23,Persian,0.63,1.7,9321018,0.42,0.1,0.67,0.11,2545477,38.861034,71.276093
Tanzania,67,TZ,0.45,947300,28000,36.7,255,Dodoma,11973,187.43,0.04,TZS,4.89,0.52,0.87,63177068175,0.94,0.04,37.6,Dar es Salaam,65,524,0.09,Swahili,0.26,0.01,58005463,0.83,0.12,0.44,0.02,20011885,-6.369028,34.888822
Thailand,137,TH,0.43,513120,455000,10.34,66,Bangkok,283763,113.27,0.01,THB,1.53,0.32,0.71,5.4365E+11,1,0.49,7.8,Bangkok,76.9,37,1.06,Thai,0.12,0.81,69625582,0.67,0.15,0.3,0.01,35294600,15.870032,100.992541
The Bahamas,39,BS,0.01,13880,1000,13.97,1,"Nassau, Bahamas",1786,116.22,0.03,,1.75,0.51,0.92,12827000000,0.81,0.15,8.3,"Nassau, Bahamas",73.8,70,5.25,English,0.28,1.94,389482,0.75,0.15,0.34,0.1,323784,25.03428,-77.39628
The Gambia,239,GM,0.6,11300,1000,38.54,220,Banjul,532,172.73,0.07,GMD,5.22,0.48,1.18,1763819048,0.98,0.03,39,Serekunda,61.7,597,0.13,English,0.2,0.1,2347706,0.59,0.09,0.48,0.09,1453958,13.443182,-15.310139
Togo,152,TG,0.7,56785,10000,33.11,228,Lom�,3000,113.3,0.01,XOF,4.32,0.03,0.71,5459979417,1.24,0.15,47.4,Lom�,60.8,396,0.34,French,0.51,0.08,8082366,0.78,0.17,0.48,0.02,3414638,8.619543,0.824782
Tonga,147,TO,0.46,747,,24.3,676,Nuku����,128,121.09,0.07,TOP,3.56,0.13,,450353314,1.16,0.06,13.4,Nuku����,70.8,52,,Tongan Language,0.1,0.52,100209,0.6,0.22,0.28,0.01,24145,-21.178986,-175.198242
Trinidad and Tobago,273,TT,0.11,5128,4000,12.94,1,Port of Spain,43868,141.75,0.01,TTD,1.73,0.46,0.54,24100202834,1.06,0.12,16.4,Chaguanas,73.4,67,2.25,English,0.37,4.17,1394973,0.6,0.2,0.41,0.03,741944,10.691803,-61.222503
Tunisia,76,TN,0.65,163610,48000,17.56,216,Tunis,29937,155.33,0.07,TND,2.2,0.07,0.73,38797709924,1.15,0.32,14.6,Tunis,76.5,43,0.47,Arabic,0.4,1.3,11694719,0.46,0.21,0.61,0.16,8099061,33.886917,9.537499
Turkey,110,TR,0.5,783562,512000,16.03,90,Ankara,372725,234.44,0.15,TRY,2.07,0.15,1.42,7.54412E+11,0.93,0.24,9.1,Istanbul,77.4,17,3.45,Turkish,0.17,1.85,83429615,0.53,0.18,0.42,0.13,63097818,38.963745,35.243322
Turkmenistan,13,TM,0.72,488100,42000,23.83,993,Ashgabat,70630,,,TMT,2.79,0.09,0.29,40761142857,0.88,0.08,39.3,Ashgabat,68.1,7,0.88,Turkmen,0.71,2.22,5942089,0.65,,,0.04,3092738,38.969719,59.556278
Uganda,229,UG,0.72,241038,46000,38.14,256,Kampala,5680,173.87,0.03,UGX,4.96,0.1,0.94,34387229486,1.03,0.05,33.8,Buganda,63,375,0.01,Swahili,0.41,0.17,44269594,0.7,0.12,0.34,0.02,10784516,1.373333,32.290275
Ukraine,75,UA,0.72,603550,297000,8.7,380,Kyiv,202250,281.66,0.08,UAH,1.3,0.17,0.83,1.53781E+11,0.99,0.83,7.5,Kyiv,71.6,19,0.84,Ukrainian,0.48,2.99,44385155,0.54,0.2,0.45,0.09,30835699,48.379433,31.16558
United Arab Emirates,118,AE,0.06,83600,63000,10.33,971,Abu Dhabi,206324,114.52,-0.02,AED,1.41,0.05,0.49,4.21142E+11,1.08,0.37,6.5,Dubai,77.8,3,,Arabic,0.18,2.53,9770529,0.82,0,0.16,0.02,8479744,23.424076,53.847818
United Kingdom,281,GB,0.72,243610,148000,11,44,London,379025,119.62,0.02,GBP,1.68,0.13,1.46,2.82711E+12,1.01,0.6,3.6,London,81.3,7,10.13,English,0.15,2.81,66834405,0.63,0.26,0.31,0.04,55908316,55.378051,-3.435973
United States,36,US,0.44,9833517,1359000,11.6,1,"Washington, D.C.",5006302,117.24,0.08,USD,1.73,0.34,0.71,2.14277E+13,1.02,0.88,5.6,New York City,78.5,19,7.25,None,0.11,2.61,328239523,0.62,0.1,0.37,0.15,270663028,37.09024,-95.712891
Uruguay,20,UY,0.83,176215,22000,13.86,598,Montevideo,6766,202.92,0.08,UYU,1.97,0.11,1.5,56045912952,1.09,0.63,6.4,Montevideo,77.8,17,1.66,Spanish,0.16,5.05,3461734,0.64,0.2,0.42,0.09,3303394,-32.522779,-55.765835
Uzbekistan,79,UZ,0.63,447400,68000,23.3,998,Tashkent,91811,,,UZS,2.42,0.08,1.03,57921286440,1.04,0.1,19.1,Tashkent,71.6,29,0.24,Uzbek,0.43,2.37,33580650,0.65,0.15,0.32,0.06,16935729,41.377491,64.585262
Vanuatu,25,VU,0.15,12189,,29.6,678,Port Vila,147,117.13,0.03,VUV,3.78,0.36,1.31,917058851,1.09,0.05,22.3,Port Vila,70.3,72,1.56,French,0.09,0.17,299882,0.7,0.18,0.09,0.04,76152,-15.376706,166.959158
Venezuela,32,VE,0.25,912050,343000,17.88,58,Caracas,164175,"2,740.27",2.55,VED,2.27,0.53,0,4.82359E+11,0.97,0.79,21.4,Caracas,72.1,125,0.01,Spanish,0.46,1.92,28515829,0.6,,0.73,0.09,25162368,6.42375,-66.58973
Vietnam,314,VN,0.39,331210,522000,16.75,84,Hanoi,192668,163.52,0.03,VND,2.05,0.48,0.8,2.61921E+11,1.11,0.29,16.5,Ho Chi Minh City,75.3,43,0.73,Vietnamese,0.44,0.82,96462106,0.77,0.19,0.38,0.02,35332140,14.058324,108.277199
Yemen,56,YE,0.45,527968,40000,30.45,967,Sanaa,10609,157.58,0.08,YER,3.79,0.01,0.92,26914402224,0.94,0.1,42.9,Sanaa,66.1,164,,Arabic,0.81,0.31,29161922,0.38,,0.27,0.13,10869523,15.552727,48.516388
Zambia,25,ZM,0.32,752618,16000,36.19,260,Lusaka,5141,212.31,0.09,ZMW,4.63,0.65,1.4,23064722446,0.99,0.04,40.4,Lusaka,63.5,213,0.24,English,0.28,1.19,17861030,0.75,0.16,0.16,0.11,7871713,-13.133897,27.849332
Zimbabwe,38,ZW,0.42,390757,51000,30.68,263,Harare,10983,105.51,0.01,,3.62,0.36,1.34,21440758800,1.1,0.1,33.9,Harare,61.2,458,,Shona,0.26,0.21,14645468,0.83,0.21,0.32,0.05,4717305,-19.015438,29.154857
